{"cameraMode":{"drawMode":0,"name":"Shaded","section":"Shading Mode"},"sceneLighting":false,"audioPlay":false,"sceneViewState":{"showFog":true,"showMaterialUpdate":false,"showSkybox":false,"showFlares":true,"showImageEffects":true,"showParticleSystems":true},"in2DMode":false,"pivot":{"x":40.935333251953128,"y":-15.73883056640625,"z":-72.143798828125},"rotation":{"x":0.3500855267047882,"y":-0.4483553469181061,"z":0.18847890198230744,"w":0.8012948036193848},"size":2146.69580078125,"orthographic":false}