{"cameraMode":{"drawMode":0,"name":"Shaded","section":"Shading Mode"},"sceneLighting":false,"audioPlay":false,"sceneViewState":{"showFog":true,"showMaterialUpdate":false,"showSkybox":false,"showFlares":true,"showImageEffects":true,"showParticleSystems":true},"in2DMode":false,"pivot":{"x":6.619999885559082,"y":0.23938211798667909,"z":-1.0656437873840333},"rotation":{"x":0.14247694611549378,"y":0.3583614230155945,"z":-0.05836626514792442,"w":0.9211531281471252},"size":7.109496593475342,"orthographic":false}