{"cameraMode":{"drawMode":0,"name":"Shaded","section":"Shading Mode"},"sceneLighting":false,"audioPlay":false,"sceneViewState":{"showFog":true,"showMaterialUpdate":false,"showSkybox":false,"showFlares":true,"showImageEffects":true,"showParticleSystems":true},"in2DMode":false,"pivot":{"x":0.0,"y":-1.1920928955078126e-7,"z":-1.1920928955078126e-7},"rotation":{"x":-0.04151953384280205,"y":0.041903965175151828,"z":0.001527015003375709,"w":-0.9987377524375916},"size":7.466437339782715,"orthographic":false}