{"cameraMode":{"drawMode":0,"name":"Shaded","section":"Shading Mode"},"sceneLighting":false,"audioPlay":false,"sceneViewState":{"showFog":true,"showMaterialUpdate":false,"showSkybox":false,"showFlares":true,"showImageEffects":true,"showParticleSystems":true},"in2DMode":false,"pivot":{"x":0.42234760522842409,"y":0.16249999403953553,"z":-0.8324999809265137},"rotation":{"x":-0.08175323158502579,"y":-0.0232783742249012,"z":0.005476457066833973,"w":-0.9968621730804443},"size":3.76120662689209,"orthographic":false}